Iteration,ExecutionTime
0,4.4876604080200195
1,0.9391665458679199
2,0.4922964572906494
3,0.38814496994018555
4,0.3922896385192871
