Iteration,ExecutionTime
0,4.930621147155762
1,0.9402978420257568
2,0.678544282913208
3,0.7938480377197266
4,0.4011497497558594
