Iteration,ExecutionTime
0,4.724838733673096
1,1.0677757263183594
2,0.5031871795654297
3,0.9960818290710449
4,0.5800151824951172
