Iteration,ExecutionTime
0,4.714285135269165
1,0.7569642066955566
2,0.6759829521179199
3,0.42042970657348633
4,0.34903430938720703
