Iteration,ExecutionTime
0,5.267557382583618
1,0.9727439880371094
2,0.7278270721435547
3,0.43442463874816895
4,0.4267861843109131
